{
    "DetVisAttributes": [
        {
            "ambient": {
                "B": 0.20000000298023224,
                "G": 0.20000000298023224,
                "R": 0.20000000298023224
            },
            "diffuse": {
                "B": 1.0,
                "G": 0.666700005531311,
                "R": 0.0
            },
            "emissive": {
                "B": 0.0,
                "G": 0.0,
                "R": 0.0
            },
            "name": [
                "BarrelInner",
		"BarrelMiddle",
		"BarrelOuter"
            ],
            "shininess": 0.20000000298023224,
            "specular": {
                "B": 0.0,
                "G": 0.0,
                "R": 0.0
            },
            "transparency": 0.0
        },
        {
            "ambient": {
                "B": 0.1870039999485016,
                "G": 0.1578110009431839,
                "R": 0.0
            },
            "diffuse": {
                "B": 0.5,
                "G": 0.5,
                "R": 1.0
            },
            "emissive": {
                "B": 0.0,
                "G": 0.0,
                "R": 0.0
            },
            "name": [
                "BarrelToroid",
		"EndcapToroid"
            ],
            "shininess": 0.20000000298023224,
            "specular": {
                "B": 0.9151520133018494,
                "G": 0.9151520133018494,
                "R": 0.9151520133018494
            },
            "transparency": 0.0
        },
        {
            "ambient": {
                "B": 0.1870039999485016,
                "G": 0.1578110009431839,
                "R": 0.0
            },
            "diffuse": {
                "B": 0.699999988079071,
                "G": 0.800000011920929,
                "R": 1.0
            },
            "emissive": {
                "B": 0.0,
                "G": 0.0,
                "R": 0.0
            },
            "name": [
                "BeamPipe"
            ],
            "shininess": 0.6424239873886108,
            "specular": {
                "B": 0.9151520133018494,
                "G": 0.9151520133018494,
                "R": 0.9151520133018494
            },
            "transparency": 0.0
        },
        {
            "ambient": {
                "B": 0.1870039999485016,
                "G": 0.1578110009431839,
                "R": 0.0
            },
            "diffuse": {
                "B": 0.20999999344348907,
                "G": 0.800000011920929,
                "R": 0.9800000190734863
            },
            "emissive": {
                "B": 0.0,
                "G": 0.0,
                "R": 0.0
            },
            "name": [
                "CSC"
            ],
            "shininess": 0.20000000298023224,
            "specular": {
                "B": 0.9151520133018494,
                "G": 0.9151520133018494,
                "R": 0.9151520133018494
            },
            "transparency": 0.0
        },
        {
            "ambient": {
                "B": 0.6000000238418579,
                "G": 0.6000000238418579,
                "R": 0.0
            },
            "diffuse": {
                "B": 0.699999988079071,
                "G": 0.800000011920929,
                "R": 1.0
            },
            "emissive": {
                "B": 0.0,
                "G": 0.0,
                "R": 0.0
            },
            "name": [
                "CavernInfra"
            ],
            "shininess": 0.6424239873886108,
            "specular": {
                "B": 0.9151520133018494,
                "G": 0.9151520133018494,
                "R": 0.915149986743927
            },
            "transparency": 0.0
        },
        {
            "ambient": {
                "B": 0.1870039999485016,
                "G": 0.1578110009431839,
                "R": 0.0
            },
            "diffuse": {
                "B": 0.5,
                "G": 0.8999999761581421,
                "R": 0.0
            },
            "emissive": {
                "B": 0.0,
                "G": 0.0,
                "R": 0.0
            },
            "name": [
                "EndcapMdt"
            ],
            "shininess": 0.20000000298023224,
            "specular": {
                "B": 0.9151520133018494,
                "G": 0.9151520133018494,
                "R": 0.9151520133018494
            },
            "transparency": 0.0
        },
        {
            "ambient": {
                "B": 0.1870039999485016,
                "G": 0.1578110009431839,
                "R": 0.0
            },
            "diffuse": {
                "B": 1.0,
                "G": 0.5,
                "R": 0.5
            },
            "emissive": {
                "B": 0.0,
                "G": 0.0,
                "R": 0.0
            },
            "name": [
                "Feet"
            ],
            "shininess": 0.20000000298023224,
            "specular": {
                "B": 0.9151520133018494,
                "G": 0.9151520133018494,
                "R": 0.9151520133018494
            },
            "transparency": 0.0
        },
        {
            "ambient": {
                "B": 0.20000000298023224,
                "G": 0.20000000298023224,
                "R": 0.20000000298023224
            },
            "diffuse": {
                "B": 0.0,
                "G": 0.3100000023841858,
                "R": 0.4000000059604645
            },
            "emissive": {
                "B": 0.0,
                "G": 0.0,
                "R": 0.0
            },
            "name": [
                "InDetServMat"
            ],
            "shininess": 1.0,
            "specular": {
                "B": 0.0,
                "G": 0.0,
                "R": 0.0
            },
            "transparency": 0.0
        },
        {
            "ambient": {
                "B": 0.20000000298023224,
                "G": 0.20000000298023224,
                "R": 0.20000000298023224
            },
            "diffuse": {
                "B": 0.800000011920929,
                "G": 0.800000011920929,
                "R": 0.800000011920929
            },
            "emissive": {
                "B": 0.0,
                "G": 0.0,
                "R": 0.0
            },
            "name": [
                "LAr",
		"LArBarrel",
		"LArEndcapPos",
		"LArEndcapNeg"
            ],
            "shininess": 0.20000000298023224,
            "specular": {
                "B": 0.0,
                "G": 0.0,
                "R": 0.0
            },
            "transparency": 0.0
        },
        {
            "ambient": {
                "B": 0.20000000298023224,
                "G": 0.20000000298023224,
                "R": 0.20000000298023224
            },
            "diffuse": {
                "B": 0.30000001192092896,
                "G": 0.10999999940395355,
                "R": 0.6000000238418579
            },
            "emissive": {
                "B": 0.0,
                "G": 0.0,
                "R": 0.0
            },
            "name": [
                "LucidSideA",
		"LucidSideC"
            ],
            "shininess": 1.0,
            "specular": {
                "B": 0.0,
                "G": 0.0,
                "R": 0.0
            },
            "transparency": 0.0
        },
        {
            "ambient": {
                "B": 0.20000000298023224,
                "G": 0.20000000298023224,
                "R": 0.20000000298023224
            },
            "diffuse": {
                "B": 1.0,
                "G": 0.666700005531311,
                "R": 0.0
            },
            "emissive": {
                "B": 0.0,
                "G": 0.0,
                "R": 0.0
            },
            "name": [
                "Muon"
            ],
            "shininess": 0.20000000298023224,
            "specular": {
                "B": 0.0,
                "G": 0.0,
                "R": 0.0
            },