{
    "DetVisAttributes": [
        {
            "ambient": {
                "B": 1.0,
                "G": 0.4000000059604645,
                "R": 0.4000000059604645
            },
            "diffuse": {
                "B": 1.0,
                "G": 0.4000000059604645,
                "R": 0.4000000059604645
            },
            "emissive": {
                "B": 0.0,
                "G": 0.0,
                "R": 0.0
            },
            "name": [
                "LAr::Barrel::Cryostat::Cylinder::#0"
            ],
            "shininess": 0.6700000166893005,
            "specular": {
                "B": 0.44166699051856995,
                "G": 0.44166699051856995,
                "R": 0.44166699051856995
            },
            "transparency": 0.0
        },
        {
            "ambient": {
                "B": 1.0,
                "G": 0.4000000059604645,
                "R": 0.4000000059604645
            },
            "diffuse": {
                "B": 1.0,
                "G": 0.4000000059604645,
                "R": 0.4000000059604645
            },
            "emissive": {
                "B": 0.0,
                "G": 0.0,
                "R": 0.0
            },
            "name": [
                "LAr::Barrel::Cryostat::Cylinder::#1"
            ],
            "shininess": 0.6700000166893005,
            "specular": {
                "B": 0.44166699051856995,
                "G": 0.44166699051856995,
                "R": 0.44166699051856995
            },
            "transparency": 0.0
        },
        {
            "ambient": {
                "B": 1.0,
                "G": 0.4000000059604645,
                "R": 0.4000000059604645
            },
            "diffuse": {
                "B": 1.0,
                "G": 0.4000000059604645,
                "R": 0.4000000059604645
            },
            "emissive": {
                "B": 0.0,
                "G": 0.0,
                "R": 0.0
            },
            "name": [
                "LAr::Barrel::Cryostat::Cylinder::#2"
            ],
            "shininess": 0.6700000166893005,
            "specular": {
                "B": 0.44166699051856995,
                "G": 0.44166699051856995,
                "R": 0.44166699051856995
            },
            "transparency": 0.0
        },
        {
            "ambient": {
                "B": 1.0,
                "G": 0.4000000059604645,
                "R": 0.4000000059604645
            },
            "diffuse": {
                "B": 1.0,
                "G": 0.4000000059604645,
                "R": 0.4000000059604645
            },
            "emissive": {
                "B": 0.0,
                "G": 0.0,
                "R": 0.0
            },
            "name": [
                "LAr::Barrel::Cryostat::Cylinder::#3"
            ],
            "shininess": 0.6700000166893005,
            "specular": {
                "B": 0.44166699051856995,
                "G": 0.44166699051856995,
                "R": 0.44166699051856995
            },
            "transparency": 0.0
        },
        {
            "ambient": {
                "B": 0.4000000059604645,
                "G": 0.4000000059604645,
                "R": 1.0
            },
            "diffuse": {
                "B": 0.4000000059604645,
                "G": 0.4000000059604645,
                "R": 1.0
            },
            "emissive": {
                "B": 0.0,
                "G": 0.0,
                "R": 0.0
            },
            "name": [
                "LAr::Barrel::Cryostat::Cylinder::#4"
            ],
            "shininess": 0.6700000166893005,
            "specular": {
                "B": 0.44166699051856995,
                "G": 0.44166699051856995,
                "R": 0.44166699051856995
            },
            "transparency": 0.0
        },
        {
            "ambient": {
                "B": 0.4000000059604645,
                "G": 0.4000000059604645,
                "R": 1.0
            },
            "diffuse": {
                "B": 0.4000000059604645,
                "G": 0.4000000059604645,
                "R": 1.0
            },
            "emissive": {
                "B": 0.0,
                "G": 0.0,
                "R": 0.0
            },
            "name": [
                "LAr::Barrel::Cryostat::Cylinder::#5"
            ],
            "shininess": 0.6700000166893005,
            "specular": {
                "B": 0.44166699051856995,
                "G": 0.44166699051856995,
                "R": 0.44166699051856995
            },
            "transparency": 0.0
        },
        {
            "ambient": {
                "B": 0.4000000059604645,
                "G": 0.4000000059604645,
                "R": 1.0
            },
            "diffuse": {
                "B": 0.4000000059604645,
                "G": 0.4000000059604645,
                "R": 1.0
            },
            "emissive": {
                "B": 0.0,
                "G": 0.0,
                "R": 0.0
            },
            "name": [
                "LAr::Barrel::Cryostat::Cylinder::#6"
            ],
            "shininess": 0.6700000166893005,
            "specular": {
                "B": 0.44166699051856995,
                "G": 0.44166699051856995,
                "R": 0.44166699051856995
            },
            "transparency": 0.0
        },
        {
            "ambient": {
                "B": 0.4000000059604645,
                "G": 0.4000000059604645,
                "R": 1.0
            },
            "diffuse": {
                "B": 0.4000000059604645,
                "G": 0.4000000059604645,
                "R": 1.0
            },
            "emissive": {
                "B": 0.0,
                "G": 0.0,
                "R": 0.0
            },
            "name": [
                "LAr::Barrel::Cryostat::Cylinder::#7"
            ],
            "shininess": 0.6700000166893005,
            "specular": {
                "B": 0.44166699051856995,
                "G": 0.44166699051856995,
                "R": 0.44166699051856995
            },
            "transparency": 0.0
        },
        {
            "ambient": {
                "B": 0.4000000059604645,
                "G": 0.4000000059604645,
                "R": 1.0
            },
            "diffuse": {
                "B": 0.4000000059604645,
                "G": 0.4000000059604645,
                "R": 1.0
            },
            "emissive": {
                "B": 0.0,
                "G": 0.0,
                "R": 0.0
            },
            "name": [
                "LAr::Barrel::Cryostat::Cylinder::#8"
            ],
            "shininess": 0.6700000166893005,
            "specular": {
                "B": 0.44166699051856995,
                "G": 0.44166699051856995,
                "R": 0.44166699051856995
            },
            "transparency": 0.0
        },
        {
            "ambient": {
                "B": 0.4000000059604645,
                "G": 0.4000000059604645,
                "R": 1.0
            },
            "diffuse": {
                "B": 0.4000000059604645,
                "G": 0.4000000059604645,
                "R": 1.0
            },
            "emissive": {
                "B": 0.0,
                "G": 0.0,
                "R": 0.0
            },
            "name": [
                "LAr::Barrel::Cryostat::Cylinder::#9"
            ],
            "shininess": 0.6700000166893005,
            "specular": {
                "B": 0.44166699051856995,
                "G": 0.44166699051856995,
                "R": 0.44166699051856995
            },
            "transparency": 0.0
        },
        {
            "ambient": {
                "B": 1.0,
                "G": 0.4000000059604645,
                "R": 0.4000000059604645
            },
            "diffuse": {
                "B": 1.0,
                "G": 0.4000000059604645,