{
    "VolVisAttributes": [
        {
            "ambient": {
                "B": 1.0,
                "G": 0.4000000059604645,
                "R": 0.4000000059604645
            },
            "diffuse": {
                "B": 1.0,
                "G": 0.4000000059604645,
                "R": 0.4000000059604645
            },
            "emissive": {
                "B": 0.0,
                "G": 0.0,
                "R": 0.0
            },
            "name": [
                "LAr::Barrel::Cryostat::Cylinder::#0",
                "LAr::Barrel::Cryostat::Cylinder::#1",
                "LAr::Barrel::Cryostat::Cylinder::#2",
                "LAr::Barrel::Cryostat::Cylinder::#3",
                "LAr::Barrel::Cryostat::Cylinder::Ear",
                "LAr::Barrel::Cryostat::Cylinder::OuterWall"
            ],
            "shininess": 0.6700000166893005,
            "specular": {
                "B": 0.44166699051856995,
                "G": 0.44166699051856995,
                "R": 0.44166699051856995
            },
            "transparency": 0.0
        },
        {
            "ambient": {
                "B": 0.4000000059604645,
                "G": 0.4000000059604645,
                "R": 1.0
            },
            "diffuse": {
                "B": 0.4000000059604645,
                "G": 0.4000000059604645,
                "R": 1.0
            },
            "emissive": {
                "B": 0.0,
                "G": 0.0,
                "R": 0.0
            },
            "name": [
                "LAr::Barrel::Cryostat::Cylinder::#4",
                "LAr::Barrel::Cryostat::Cylinder::#5",
                "LAr::Barrel::Cryostat::Cylinder::#6",
                "LAr::Barrel::Cryostat::Cylinder::#7",
                "LAr::Barrel::Cryostat::Cylinder::#8",
                "LAr::Barrel::Cryostat::Cylinder::#9",
                "LAr::Barrel::Cryostat::Cylinder::InnerWall",
                "LAr::Barrel::Cryostat::Cylinder::InnerEndWall",
                "LAr::Barrel::Cryostat::Cylinder::Leg"
            ],
            "shininess": 0.6700000166893005,
            "specular": {
                "B": 0.44166699051856995,
                "G": 0.44166699051856995,
                "R": 0.44166699051856995
            },
            "transparency": 0.0
        },
        {
            "ambient": {
                "B": 0.4000000059604645,
                "G": 0.4000000059604645,
                "R": 1.0
            },
            "diffuse": {
                "B": 0.4000000059604645,
                "G": 0.4000000059604645,
                "R": 1.0
            },
            "emissive": {
                "B": 0.0,
                "G": 0.0,
                "R": 0.0
            },
            "name": [
                "LAr::Barrel::Cryostat::InnerEndWall"
            ],
            "shininess": 0.6700000166893005,
            "specular": {
                "B": 0.44166699051856995,
                "G": 0.44166699051856995,
                "R": 0.44166699051856995
            },
            "transparency": 0.0
        },
        {
            "ambient": {
                "B": 0.4000000059604645,
                "G": 0.4000000059604645,
                "R": 1.0
            },
            "diffuse": {
                "B": 0.4000000059604645,
                "G": 0.4000000059604645,
                "R": 1.0
            },
            "emissive": {
                "B": 0.0,
                "G": 0.0,
                "R": 0.0
            },
            "name": [
                "LAr::Barrel::Cryostat::Leg"
            ],
            "shininess": 0.6700000166893005,
            "specular": {
                "B": 0.44166699051856995,
                "G": 0.44166699051856995,
                "R": 0.44166699051856995
            },
            "transparency": 0.0
        },
        {
            "ambient": {
                "B": 0.27000001072883606,
                "G": 0.5400000214576721,
                "R": 0.5400000214576721
            },
            "diffuse": {
                "B": 0.5,
                "G": 1.0,
                "R": 1.0
            },
            "emissive": {
                "B": 0.06700000166893005,
                "G": 0.13300000131130219,
                "R": 0.13300000131130219
            },
            "name": [
                "bcmModLog",
		"bcmWallLog"
            ],
            "shininess": 0.20000000298023224,
            "specular": {
                "B": 0.0,
                "G": 0.0,
                "R": 0.0
            },
            "transparency": 0.0
        },
	{
            "ambient": {
                "B": 0.20000000298023224,
                "G": 0.20000000298023224,
                "R": 0.20000000298023224
            },
            "diffuse": {
                "B": 1.0,
                "G": 0.666700005531311,
                "R": 0.0
            },
            "emissive": {
                "B": 0.0,
                "G": 0.0,
                "R": 0.0
            },
            "name": [
                "MDTEnvelopeLog"
            ],
            "shininess": 0.20000000298023224,
            "specular": {
                "B": 0.0,
                "G": 0.0,
                "R": 0.0
            },
            "transparency": 0.0
        },
	{
            "ambient": {
                "R": 0.20000000298023224,
                "G": 0.20000000298023224,
                "B": 0.20000000298023224
            },
            "diffuse": {
                "B": 1.0,
                "G": 0.666700005531311,
                "R": 0.0
            },
            "emissive": {
                "B": 0.0,
                "G": 0.0,
                "R": 0.0
            },
            "name": [
                "DriftTubeLog"
            ],
            "shininess": 0.20000000298023224,
            "specular": {
                "B": 0.0,
                "G": 0.0,
                "R": 0.0
            },
            "transparency": 0.0
        },
	{
            "ambient": {
                "R": 0.20000000298023224,
                "G": 0.20000000298023224,
                "B": 0.20000000298023224
            },
            "diffuse": {
                "B": 0.54,
                "G": 0.8,
                "R": 0.8
            },
            "emissive": {
                "B": 0.0,
                "G": 0.0,
                "R": 0.0
            },
            "name": [
                "foamLog"
            ],
            "shininess": 0.20000000298023224,
            "specular": {
                "B": 0.0,
                "G": 0.0,
                "R": 0.0
            },
            "transparency": 0.0
        },
	{
            "ambient": {
                "R": 0.20000000298023224,
                "G": 0.20000000298023224,
                "B": 0.20000000298023224
            },
            "diffuse": {
                "R": 0.8,
                "G": 0.2,
                "B": 0.0
            },
            "emissive": {
                "B": 0.0,
                "G": 0.0,
                "R": 0.0
            },